RS	CHROM.clinvar	POS.clinvar	ID.clinvar	REF.clinvar	ALT.clinvar	QUAL.clinvar	FILTER.clinvar	ALLELEID	CLNDISDB	CLNDN	CLNHGVS	CLNREVSTAT	CLNSIG	CLNVC	CLNVCSO	GENEINFO	MC	ORIGIN	AF_ESP	AF_EXAC	AF_TGP	CLNVI	CLNSIGCONF	CLNDISDBINCL	CLNDNINCL	CLNSIGINCL	DBVARID	CHROM	POS	ID	REF	ALT	QUAL	FILTER	INFO
1064039	20	23637790	5635	C	T	None	None	20674	['MedGen:C2677774', 'OMIM:611953']	Age-related_macular_degeneration_11	NC_000020.11:g.23637790C>T	no_assertion_criteria_provided	Pathogenic	single_nucleotide_variant	SO:0001483	CST3:1471	SO:0001583|missense_variant	1	None	0.25489	0.21226	OMIM_Allelic_Variant:604312.0002|UniProtKB_(protein):P01034#VAR_011893	None	None	None	None	None	chr20	23637790	rs1064039	C	T	114.6	.	/var/lib/cwl/stgb421903e-f4dc-41ac-b71b-1dff5c0acf94/clinvar_20191003_chr.vcf.gz;AC=1;AF=0.500;AN=2;BaseQRankSum=1.215;DB;DP=15;ExcessHet=3.0103;FS=2.869;MLEAC=1;MLEAF=0.500;MQ=60.00;MQRankSum=0.000;QD=7.64;ReadPosRankSum=0.065;SOR=2.376
10800597	1	198898955	427755	G	A	None	None	417644	['MedGen:C1879321', 'Orphanet:ORPHA98834']	Acute_myeloid_leukemia_with_maturation	NC_000001.11:g.198898955G>A	no_assertion_criteria_provided	Pathogenic	single_nucleotide_variant	SO:0001483	MIR181A1HG:100131234	None	1	None	None	0.79553	None	None	None	None	None	None	chr1	198898955	rs10800597	G	A	357.01	.	/var/lib/cwl/stgb421903e-f4dc-41ac-b71b-1dff5c0acf94/clinvar_20191003_chr.vcf.gz;AC=2;AF=1.00;AN=2;DB;DP=9;ExcessHet=3.0103;FS=0.000;MLEAC=2;MLEAF=1.00;MQ=60.00;QD=31.16;SOR=0.892
10800598	1	198900385	427756	T	C	None	None	417645	['MedGen:C1879321', 'Orphanet:ORPHA98834']	Acute_myeloid_leukemia_with_maturation	NC_000001.11:g.198900385T>C	no_assertion_criteria_provided	Pathogenic	single_nucleotide_variant	SO:0001483	MIR181A1HG:100131234	None	1	None	None	0.82009	None	None	None	None	None	None	chr1	198900385	rs10800598	T	C	349.01	.	/var/lib/cwl/stgb421903e-f4dc-41ac-b71b-1dff5c0acf94/clinvar_20191003_chr.vcf.gz;AC=2;AF=1.00;AN=2;DB;DP=9;ExcessHet=3.0103;FS=0.000;MLEAC=2;MLEAF=1.00;MQ=60.00;QD=32.78;SOR=0.892
1131695	20	10652589	234555	G	C	None	None	232108	MedGen:CN517202	not_provided	NC_000020.11:g.10652589G>C	['criteria_provided', '_single_submitter']	Pathogenic	single_nucleotide_variant	SO:0001483	JAG1:182	SO:0001587|nonsense	1	None	None	None	None	None	None	None	None	None	chr20	10652589	rs1131695	G	A	183.6	.	/var/lib/cwl/stgb421903e-f4dc-41ac-b71b-1dff5c0acf94/clinvar_20191003_chr.vcf.gz;AC=1;AF=0.500;AN=2;BaseQRankSum=0.000;DB;DP=6;ExcessHet=3.0103;FS=0.000;MLEAC=1;MLEAF=0.500;MQ=60.00;MQRankSum=0.000;QD=30.60;ReadPosRankSum=0.210;SOR=0.368
1137617	7	150951110	200402	A	T	None	None	197236	MedGen:CN517202	not_provided	NC_000007.14:g.150951110A>T	['criteria_provided', '_single_submitter']	Pathogenic	single_nucleotide_variant	SO:0001483	KCNH2:3757	SO:0001587|nonsense	1	None	None	None	None	None	None	None	None	None	chr7	150951110	rs1137617	A	G	483.02	.	/var/lib/cwl/stgb421903e-f4dc-41ac-b71b-1dff5c0acf94/clinvar_20191003_chr.vcf.gz;AC=2;AF=1.00;AN=2;DB;DP=13;ExcessHet=3.0103;FS=0.000;MLEAC=2;MLEAF=1.00;MQ=60.00;QD=30.28;SOR=0.836
12156163	8	11757260	433023	C	T	None	None	426530	['MedGen:C0152021', 'SNOMED_CT:13213009']	Congenital_heart_disease	NC_000008.11:g.11757260C>T	no_assertion_criteria_provided	Pathogenic	single_nucleotide_variant	SO:0001483	GATA4:2626	SO:0001627|intron_variant	0	None	None	0.11422	None	None	None	None	None	None	chr8	11757260	rs12156163	C	T	108.6	.	/var/lib/cwl/stgb421903e-f4dc-41ac-b71b-1dff5c0acf94/clinvar_20191003_chr.vcf.gz;AC=1;AF=0.500;AN=2;BaseQRankSum=-1.020;DB;DP=13;ExcessHet=3.0103;FS=2.522;MLEAC=1;MLEAF=0.500;MQ=60.00;MQRankSum=0.000;QD=8.35;ReadPosRankSum=0.000;SOR=1.546
12406470	1	198826991	427753	C	T	None	None	417642	['MedGen:C1879321', 'Orphanet:ORPHA98834']	Acute_myeloid_leukemia_with_maturation	NC_000001.11:g.198826991C>T	no_assertion_criteria_provided	Pathogenic	single_nucleotide_variant	SO:0001483	MIR181A1HG:100131234	None	1	None	None	0.51837	None	None	None	None	None	None	chr1	198826991	rs12406470	C	T	251.6	.	/var/lib/cwl/stgb421903e-f4dc-41ac-b71b-1dff5c0acf94/clinvar_20191003_chr.vcf.gz;AC=1;AF=0.500;AN=2;BaseQRankSum=0.908;DB;DP=11;ExcessHet=3.0103;FS=0.000;MLEAC=1;MLEAF=0.500;MQ=60.00;MQRankSum=0.000;QD=22.87;ReadPosRankSum=0.269;SOR=0.330
151071780	3	15635641	24992	C	T	None	None	36330	['MedGen:C0220754', 'OMIM:253260', 'Orphanet:ORPHA79241', 'SNOMED_CT:8808004']	Biotinidase_deficiency	NC_000003.12:g.15635641C>T	no_assertion_criteria_provided	Pathogenic	single_nucleotide_variant	SO:0001483	BTD:686	SO:0001587|nonsense	1	None	None	None	None	None	None	None	None	None	chr3	15635641	rs151071780	C	G	224.6	.	/var/lib/cwl/stgb421903e-f4dc-41ac-b71b-1dff5c0acf94/clinvar_20191003_chr.vcf.gz;AC=1;AF=0.500;AN=2;BaseQRankSum=-0.776;DB;DP=16;ExcessHet=3.0103;FS=9.756;MLEAC=1;MLEAF=0.500;MQ=60.00;MQRankSum=0.000;QD=14.04;ReadPosRankSum=2.278;SOR=0.477
1800379	12	6058030	619930	A	T	None	None	611150	MedGen:CN517202	not_provided	NC_000012.12:g.6058030A>T	['criteria_provided', '_single_submitter']	Pathogenic	single_nucleotide_variant	SO:0001483	VWF:7450	SO:0001587|nonsense	1	None	None	None	Quest_Diagnostics_Nichols_Institute_San_Juan_Capistrano:2843796	None	None	None	None	None	chr12	6058030	rs1800379	A	G	180.6	.	/var/lib/cwl/stgb421903e-f4dc-41ac-b71b-1dff5c0acf94/clinvar_20191003_chr.vcf.gz;AC=1;AF=0.500;AN=2;BaseQRankSum=0.000;DB;DP=7;ExcessHet=3.0103;FS=0.000;MLEAC=1;MLEAF=0.500;MQ=60.00;MQRankSum=0.000;QD=25.80;ReadPosRankSum=0.366;SOR=1.022
1804495	X	106034370	9785	C	A	None	None	24824	None	['Thyroxine-binding_globulin', '_variant_P']	NC_000023.11:g.106034370C>A	no_assertion_criteria_provided	Pathogenic	single_nucleotide_variant	SO:0001483	SERPINA7:6906	SO:0001583|missense_variant	1	None	0.14336	0.17960	OMIM_Allelic_Variant:314200.0003|UniProtKB_(protein):P05543#VAR_007108	None	None	None	None	None	chrX	106034370	rs1804495	C	A	284.6	.	AC=1;AF=0.500;AN=2;BaseQRankSum=1.389;DB;DP=14;ExcessHet=3.0103;FS=2.027;MLEAC=1;MLEAF=0.500;MQ=60.00;MQRankSum=0.000;QD=20.33;ReadPosRankSum=-0.501;SOR=0.307
2272783	18	57571588	562	A	G	None	None	15601	['Human_Phenotype_Ontology:HP:0000952', 'MedGen:C0022346|Human_Phenotype_Ontology:HP:0010783', 'MedGen:C0041834|MedGen:C4692546', 'OMIM:177000', 'SNOMED_CT:51022005']	Jaundice|Erythema|Erythropoietic_protoporphyria	NC_000018.10:g.57571588A>G	['criteria_provided', '_single_submitter']	Pathogenic	single_nucleotide_variant	SO:0001483	FECH:2235	SO:0001627|intron_variant	1	0.03737	0.10730	0.13738	OMIM_Allelic_Variant:612386.0015	None	None	None	None	None	chr18	57571588	rs2272783	A	G	165.6	.	/var/lib/cwl/stgb421903e-f4dc-41ac-b71b-1dff5c0acf94/clinvar_20191003_chr.vcf.gz;AC=1;AF=0.500;AN=2;BaseQRankSum=0.000;DB;DP=12;ExcessHet=3.0103;FS=6.892;MLEAC=1;MLEAF=0.500;MQ=60.00;MQRankSum=0.000;QD=13.80;ReadPosRankSum=-0.864;SOR=3.180
2301600	19	35295965	218187	C	G	None	None	214840	['MedGen:C4225250', 'OMIM:616680', 'Orphanet:ORPHA459056']	['Spastic_paraplegia_75', '_autosomal_recessive']	NC_000019.10:g.35295965C>G	no_assertion_criteria_provided	Pathogenic	single_nucleotide_variant	SO:0001483	MAG:4099	SO:0001583|missense_variant	1	None	None	None	OMIM_Allelic_Variant:159460.0002|UniProtKB_(protein):P20916#VAR_076224	None	None	None	None	None	chr19	35295965	rs2301600	C	T	168.6	.	AC=1;AF=0.500;AN=2;BaseQRankSum=0.605;DB;DP=11;ExcessHet=3.0103;FS=0.000;MLEAC=1;MLEAF=0.500;MQ=60.00;MQRankSum=0.000;QD=15.33;ReadPosRankSum=-0.437;SOR=0.527
25640	5	119475838	7657	G	C	None	None	22696	['MedGen:C0342870', 'OMIM:261515', 'Orphanet:ORPHA300', 'SNOMED_CT:238068007']	Bifunctional_peroxisomal_enzyme_deficiency	NC_000005.10:g.119475838G>C	no_assertion_criteria_provided	Pathogenic	single_nucleotide_variant	SO:0001483	HSD17B4:3295	['SO:0001583|missense_variant', 'SO:0001623|5_prime_UTR_variant']	1	None	None	None	OMIM_Allelic_Variant:601860.0005|UniProtKB_(protein):P51659#VAR_065906	None	None	None	None	None	chr5	119475838	rs25640	G	A	129.6	.	/var/lib/cwl/stgb421903e-f4dc-41ac-b71b-1dff5c0acf94/clinvar_20191003_chr.vcf.gz;AC=1;AF=0.500;AN=2;BaseQRankSum=0.000;DB;DP=10;ExcessHet=3.0103;FS=0.000;MLEAC=1;MLEAF=0.500;MQ=60.00;MQRankSum=0.000;QD=12.96;ReadPosRankSum=-0.511;SOR=0.368
2815822	6	6320575	29695	T	None	None	None	38650	['Human_Phenotype_Ontology:HP:0040233', 'MedGen:C2750514', 'OMIM:613225']	Factor_XIII_subunit_A_deficiency	NC_000006.12:g.6320575%3D	no_assertion_criteria_provided	Pathogenic	single_nucleotide_variant	SO:0001483	F13A1:2162	SO:0001627|intron_variant	1	None	None	0.11801	OMIM_Allelic_Variant:134570.0020	None	None	None	None	None	chr6	6320575	rs2815822	T	G	391.02	.	/var/lib/cwl/stgb421903e-f4dc-41ac-b71b-1dff5c0acf94/clinvar_20191003_chr.vcf.gz;AC=2;AF=1.00;AN=2;DB;DP=10;ExcessHet=3.0103;FS=0.000;MLEAC=2;MLEAF=1.00;MQ=60.00;QD=25.33;SOR=2.303
351855	5	177093242	16326	G	A	None	None	31365	MedGen:C4016099	Cancer_progression_and_tumor_cell_motility	NC_000005.10:g.177093242G>A	no_assertion_criteria_provided	Pathogenic	single_nucleotide_variant	SO:0001483	FGFR4:2264	['SO:0001583|missense_variant', 'SO:0001627|intron_variant']	0	None	0.32098	0.29952	OMIM_Allelic_Variant:134935.0001|UniProtKB_(protein):P22455#VAR_014797	None	None	None	None	None	chr5	177093242	rs351855	G	A	103.6	.	/var/lib/cwl/stgb421903e-f4dc-41ac-b71b-1dff5c0acf94/clinvar_20191003_chr.vcf.gz;AC=1;AF=0.500;AN=2;BaseQRankSum=-0.674;DB;DP=8;ExcessHet=3.0103;FS=0.000;MLEAC=1;MLEAF=0.500;MQ=60.00;MQRankSum=0.000;QD=12.95;ReadPosRankSum=0.144;SOR=1.609
35329108	5	1216785	2021	G	A	None	None	17060	['Human_Phenotype_Ontology:HP:0003108', 'MedGen:C0543541', 'OMIM:138500|MedGen:C3148959']	['Hyperglycinuria|Iminoglycinuria', '_digenic']	NC_000005.10:g.1216785G>A	no_assertion_criteria_provided	Pathogenic	single_nucleotide_variant	SO:0001483	SLC6A19:340024	SO:0001627|intron_variant	1	0.26403	None	0.21905	OMIM_Allelic_Variant:608893.0005	None	None	None	None	None	chr5	1216785	rs35329108	G	A	654.03	.	/var/lib/cwl/stgb421903e-f4dc-41ac-b71b-1dff5c0acf94/clinvar_20191003_chr.vcf.gz;AC=2;AF=1.00;AN=2;DB;DP=16;ExcessHet=3.0103;FS=0.000;MLEAC=2;MLEAF=1.00;MQ=60.00;QD=24.55;SOR=0.941
371488778	1	55039879	431555	A	ATG	None	None	424994	['MedGen:C0745103', 'OMIM:143890', 'SNOMED_CT:397915002', 'SNOMED_CT:398036000']	Familial_hypercholesterolemia	NC_000001.11:g.55039879_55039880insTG	['criteria_provided', '_single_submitter']	Pathogenic	Insertion	SO:0000667	PCSK9:255738	SO:0001589|frameshift_variant	1	None	None	None	['Laboratory_of_Genetics_and_Molecular_Cardiology', 'University_of_SÃ£o_Paulo:PCSK9_142']	None	None	None	None	None	chr1	55039879	rs371488778	A	ACTGCTG	386.64	.	/var/lib/cwl/stgb421903e-f4dc-41ac-b71b-1dff5c0acf94/clinvar_20191003_chr.vcf.gz;AC=1;AF=0.500;AN=2;BaseQRankSum=0.431;DB;DP=19;ExcessHet=3.0103;FS=2.447;MLEAC=1;MLEAF=0.500;MQ=60.00;MQRankSum=0.000;QD=25.78;ReadPosRankSum=0.452;SOR=1.609
3729851	8	11755333	433020	G	A	None	None	426527	['MedGen:C0152021', 'SNOMED_CT:13213009']	Congenital_heart_disease	NC_000008.11:g.11755333G>A	no_assertion_criteria_provided	Pathogenic	single_nucleotide_variant	SO:0001483	GATA4:2626	SO:0001627|intron_variant	0	None	None	0.05751	None	None	None	None	None	None	chr8	11755333	rs3729851	G	A	129.6	.	/var/lib/cwl/stgb421903e-f4dc-41ac-b71b-1dff5c0acf94/clinvar_20191003_chr.vcf.gz;AC=1;AF=0.500;AN=2;BaseQRankSum=0.000;DB;DP=10;ExcessHet=3.0103;FS=7.202;MLEAC=1;MLEAF=0.500;MQ=60.00;MQRankSum=0.000;QD=12.96;ReadPosRankSum=0.398;SOR=1.414
3733402	4	186236880	12037	G	A	None	None	27076	['MedGen:C0272339', 'OMIM:612423', 'Orphanet:ORPHA749', 'SNOMED_CT:48976006']	Prekallikrein_deficiency	NC_000004.12:g.186236880G>A	no_assertion_criteria_provided	Pathogenic	single_nucleotide_variant	SO:0001483	KLKB1:3818	['SO:0001583|missense_variant', 'SO:0001623|5_prime_UTR_variant']	1	None	0.53647	0.60463	OMIM_Allelic_Variant:229000.0005	None	None	None	None	None	chr4	186236880	rs3733402	G	A	170.6	.	/var/lib/cwl/stgb421903e-f4dc-41ac-b71b-1dff5c0acf94/clinvar_20191003_chr.vcf.gz;AC=1;AF=0.500;AN=2;BaseQRankSum=0.000;DB;DP=9;ExcessHet=3.0103;FS=2.808;MLEAC=1;MLEAF=0.500;MQ=60.00;MQRankSum=0.000;QD=18.96;ReadPosRankSum=-2.148;SOR=0.707
3735819	8	11748803	433016	T	C	None	None	426523	['MedGen:C0152021', 'SNOMED_CT:13213009']	Congenital_heart_disease	NC_000008.11:g.11748803T>C	no_assertion_criteria_provided	Pathogenic	single_nucleotide_variant	SO:0001483	GATA4:2626	SO:0001627|intron_variant	0	None	None	0.87161	None	None	None	None	None	None	chr8	11748803	rs3735819	T	C	320.0	.	/var/lib/cwl/stgb421903e-f4dc-41ac-b71b-1dff5c0acf94/clinvar_20191003_chr.vcf.gz;AC=2;AF=1.00;AN=2;DB;DP=8;ExcessHet=3.0103;FS=0.000;MLEAC=2;MLEAF=1.00;MQ=60.00;QD=30.74;SOR=0.693
4784677	16	56514589	4576	C	None	None	None	19615	MedGen:C4016908	['Bardet-biedl_syndrome_2/6', '_digenic']	NC_000016.10:g.56514589%3D	no_assertion_criteria_provided	Pathogenic	single_nucleotide_variant	SO:0001483	BBS2:583	SO:0001583|missense_variant	1	None	0.00623	0.00359	OMIM_Allelic_Variant:606151.0013	None	None	None	None	None	chr16	56514589	rs4784677	C	T	277.98	.	/var/lib/cwl/stgb421903e-f4dc-41ac-b71b-1dff5c0acf94/clinvar_20191003_chr.vcf.gz;AC=2;AF=1.00;AN=2;DB;DP=7;ExcessHet=3.0103;FS=0.000;MLEAC=2;MLEAF=1.00;MQ=60.00;QD=28.45;SOR=1.609
60639710	1	198898549	427754	G	T	None	None	417643	['MedGen:C1879321', 'Orphanet:ORPHA98834']	Acute_myeloid_leukemia_with_maturation	NC_000001.11:g.198898549G>T	no_assertion_criteria_provided	Pathogenic	single_nucleotide_variant	SO:0001483	MIR181A1HG:100131234	None	1	None	None	0.79573	None	None	None	None	None	None	chr1	198898549	rs60639710	G	T	362.01	.	/var/lib/cwl/stgb421903e-f4dc-41ac-b71b-1dff5c0acf94/clinvar_20191003_chr.vcf.gz;AC=2;AF=1.00;AN=2;DB;DP=9;ExcessHet=3.0103;FS=0.000;MLEAC=2;MLEAF=1.00;MQ=60.00;QD=29.70;SOR=2.093
6256	11	13492506	13759	G	A	None	None	28798	['Human_Phenotype_Ontology:HP:0008200', 'MedGen:C0221002', 'SNOMED_CT:36348003']	Primary_hyperparathyroidism	NC_000011.10:g.13492506G>A	no_assertion_criteria_provided	Pathogenic	single_nucleotide_variant	SO:0001483	PTH:5741	SO:0001587|nonsense	1	None	None	None	OMIM_Allelic_Variant:168450.0004	None	None	None	None	None	chr11	13492506	rs6256	G	T	233.6	.	/var/lib/cwl/stgb421903e-f4dc-41ac-b71b-1dff5c0acf94/clinvar_20191003_chr.vcf.gz;AC=1;AF=0.500;AN=2;BaseQRankSum=0.097;DB;DP=13;ExcessHet=3.0103;FS=5.434;MLEAC=1;MLEAF=0.500;MQ=60.00;MQRankSum=0.000;QD=17.97;ReadPosRankSum=0.692;SOR=1.472
6471482	8	86667075	427684	A	T	None	None	417130	['MedGen:C1849792', 'OMIM:262300']	Achromatopsia_3	NC_000008.11:g.86667075A>T	no_assertion_criteria_provided	Pathogenic	single_nucleotide_variant	SO:0001483	CNGB3:54714	SO:0001587|nonsense	1	None	None	None	None	None	None	None	None	None	chr8	86667075	rs6471482	A	C	126.6	.	/var/lib/cwl/stgb421903e-f4dc-41ac-b71b-1dff5c0acf94/clinvar_20191003_chr.vcf.gz;AC=1;AF=0.500;AN=2;BaseQRankSum=0.000;DB;DP=11;ExcessHet=3.0103;FS=2.632;MLEAC=1;MLEAF=0.500;MQ=60.00;MQRankSum=0.000;QD=11.51;ReadPosRankSum=-0.542;SOR=1.535
745379	8	11758186	433015	A	G	None	None	426531	['MedGen:C0152021', 'SNOMED_CT:13213009']	Congenital_heart_disease	NC_000008.11:g.11758186A>G	no_assertion_criteria_provided	Pathogenic	single_nucleotide_variant	SO:0001483	GATA4:2626	SO:0001627|intron_variant	0	None	None	0.27017	None	None	None	None	None	None	chr8	11758186	rs745379	A	G	328.01	.	/var/lib/cwl/stgb421903e-f4dc-41ac-b71b-1dff5c0acf94/clinvar_20191003_chr.vcf.gz;AC=2;AF=1.00;AN=2;DB;DP=9;ExcessHet=3.0103;FS=0.000;MLEAC=2;MLEAF=1.00;MQ=60.00;QD=33.62;SOR=0.892
80357711	17	43091495	37560	CT	C	None	None	46116	['MeSH:D061325', 'MedGen:C0677776', 'Orphanet:ORPHA145|MedGen:C0006142', 'OMIM:114480', 'Orphanet:ORPHA227535', 'SNOMED_CT:254843006|MedGen:C0027672', 'SNOMED_CT:699346009|MedGen:C2676676', 'OMIM:604370|MedGen:CN517202']	['Hereditary_breast_and_ovarian_cancer_syndrome|Familial_cancer_of_breast|Hereditary_cancer-predisposing_syndrome|Breast-ovarian_cancer', '_familial_1|not_provided']	NC_000017.11:g.43091497del	reviewed_by_expert_panel	Pathogenic	Deletion	SO:0000159	BRCA1:672	['SO:0001589|frameshift_variant', 'SO:0001619|non-coding_transcript_variant', 'SO:0001627|intron_variant']	1	None	None	None	"['Breast_Cancer_Information_Core__(BRCA1):4154&base_change%3Ddel_A|Department_of_Pathology_and_Molecular_Medicine', ""Queen's_University:721148|OMIM_Allelic_Variant:113705.0030|Quest_Diagnostics_Nichols_Institute_San_Juan_Capistrano:2610918""]"	None	None	None	None	None	chr17	43091495	rs80357711	CT	C	215.6	.	/var/lib/cwl/stgb421903e-f4dc-41ac-b71b-1dff5c0acf94/clinvar_20191003_chr.vcf.gz;AC=1;AF=0.500;AN=2;BaseQRankSum=0.000;DB;DP=13;ExcessHet=3.0103;FS=0.000;MLEAC=1;MLEAF=0.500;MQ=60.00;MQRankSum=0.000;QD=16.58;ReadPosRankSum=-0.413;SOR=0.941
804290	8	11759327	433024	G	A	None	None	426532	['MedGen:C0152021', 'SNOMED_CT:13213009']	Congenital_heart_disease	NC_000008.11:g.11759327G>A	no_assertion_criteria_provided	Pathogenic	single_nucleotide_variant	SO:0001483	GATA4:2626	SO:0001624|3_prime_UTR_variant	0	None	None	0.11701	None	None	None	None	None	None	chr8	11759327	rs804290	G	A	227.6	.	/var/lib/cwl/stgb421903e-f4dc-41ac-b71b-1dff5c0acf94/clinvar_20191003_chr.vcf.gz;AC=1;AF=0.500;AN=2;BaseQRankSum=1.177;DB;DP=11;ExcessHet=3.0103;FS=0.000;MLEAC=1;MLEAF=0.500;MQ=60.00;MQRankSum=0.000;QD=20.69;ReadPosRankSum=0.361;SOR=0.330
820878	5	74685445	3882	T	None	None	None	18921	MedGen:C1849322	['Sandhoff_disease', '_infantile_type']	NC_000005.10:g.74685445%3D	no_assertion_criteria_provided	Pathogenic	single_nucleotide_variant	SO:0001483	HEXB:3074	['SO:0002073|no_sequence_alteration', 'SO:0001627|intron_variant']	1	None	0.02918	0.01857	OMIM_Allelic_Variant:606873.0012	None	None	None	None	None	chr5	74685445	rs820878	T	C	401.02	.	/var/lib/cwl/stgb421903e-f4dc-41ac-b71b-1dff5c0acf94/clinvar_20191003_chr.vcf.gz;AC=2;AF=1.00;AN=2;DB;DP=11;ExcessHet=3.0103;FS=0.000;MLEAC=2;MLEAF=1.00;MQ=60.00;QD=35.59;SOR=1.270
