RS	IDclinvar	CHROM	POS	REF	ALT	CLNSIG	CLNVC	CLNDN
1024611	14207	chr17	34252769	A	G	['Pathogenic', '_risk_factor']	single_nucleotide_variant	['Spina_bifida', '_susceptibility_to|Coronary_artery_disease', '_modifier_of|Coronary_artery_disease', '_development_of', '_in_hiv|Mycobacterium_tuberculosis', '_susceptibility_to']
1050501	5467	chr1	161674008	T	C	['protective', '_risk_factor']	single_nucleotide_variant	['Systemic_lupus_erythematosus', '_susceptibility_to|Malaria', '_resistance_to']
1051931	7916	chr6	46705206	A	G	risk_factor	single_nucleotide_variant	['Asthma_and_atopy', '_susceptibility_to|not_provided']
1053874	16852	chr16	3657746	G	A	risk_factor	single_nucleotide_variant	['Systemic_lupus_erythematosus', '_susceptibility_to']
11196205	7415	chr10	113047288	G	C	risk_factor	single_nucleotide_variant	Diabetes_mellitus_type_2
11200638	7486	chr10	122461028	G	A	risk_factor	single_nucleotide_variant	Age-related_macular_degeneration_7|Susceptibility_to_neovascular_type_of_age-related_macular_degeneration
1143627	14671	chr2	112836810	G	A	risk_factor	single_nucleotide_variant	Gastric_cancer_susceptibility_after_h._pylori_infection
11558538	5160	chr2	138002079	C	T	risk_factor	single_nucleotide_variant	['Asthma', '_susceptibility_to']
12150220	4163	chr17	5582047	A	T	risk_factor	single_nucleotide_variant	Vitiligo-associated_multiple_autoimmune_disease_susceptibility_1
12255372	7414	chr10	113049143	G	T	risk_factor	single_nucleotide_variant	Diabetes_mellitus_type_2
1341667	1719	chr10	68882104	T	C	risk_factor	single_nucleotide_variant	Preeclampsia/eclampsia_4
1421085	217824	chr16	53767042	T	C	risk_factor	single_nucleotide_variant	['OBESITY_(BMIQ14)', '_SUSCEPTIBILITY_TO']
1617640	16602	chr7	100719675	C	A	risk_factor	single_nucleotide_variant	Microvascular_complications_of_diabetes_2
16881446	441163	chr4	11406961	T	C	risk_factor	single_nucleotide_variant	Coronary_artery_disease|Arteriosclerosis
1800872	16873	chr1	206773062	T	G	['protective', '_risk_factor']	single_nucleotide_variant	['Human_immunodeficiency_virus_type_1', '_susceptibility_to|Graft-versus-host_disease', '_resistance_to']
1801197	17636	chr7	93426441	A	G	risk_factor	single_nucleotide_variant	Bone_mineral_density_quantitative_trait_locus_15
180195	29906	chr8	132865378	A	G	risk_factor	single_nucleotide_variant	Autoimmune_thyroid_disease_3
1805097	8820	chr13	109782884	C	T	risk_factor	single_nucleotide_variant	['DIABETES', '_TYPE_II', '_SUSCEPTIBILITY_TO']
2010963	12223	chr6	43770613	C	G	risk_factor	single_nucleotide_variant	Microvascular_complications_of_diabetes_1
203462	5404	chr17	19909228	T	C	risk_factor	single_nucleotide_variant	['Cardiac_conduction_defect', '_susceptibility_to']
20541	14673	chr5	132660272	A	G	risk_factor	single_nucleotide_variant	['Allergic_rhinitis', '_susceptibility_to|Asthma', '_susceptibility_to']
2073658	12295	chr1	161040972	C	T	risk_factor	single_nucleotide_variant	['Hyperlipidemia', '_familial_combined', '_susceptibility_to']
2073711	6312	chr15	65201874	A	G	risk_factor	single_nucleotide_variant	['Lumbar_disc_disease', '_susceptibility_to']
2165241	14362	chr15	73929861	T	C	risk_factor	single_nucleotide_variant	['Exfoliation_syndrome', '_susceptibility_to']
2266788	127141	chr11	116789970	G	A	risk_factor	single_nucleotide_variant	['Hypertriglyceridemia', '_susceptibility_to']
2279744	13904	chr12	68808800	T	G	risk_factor	single_nucleotide_variant	['Accelerated_tumor_formation', '_susceptibility_to']
237025	2062	chr6	149400554	G	A	risk_factor	single_nucleotide_variant	['Diabetes_mellitus', '_insulin-dependent', '_5']
2435357	13952	chr10	43086608	T	C	['Benign', '_risk_factor']	single_nucleotide_variant	Hirschsprung_disease|Hirschsprung_disease_1|not_specified
2488457	8910	chr1	113872746	G	C	risk_factor	single_nucleotide_variant	['Diabetes_mellitus', '_insulin-dependent', '_susceptibility_to']
279836	16220	chr4	46337053	T	A	risk_factor	single_nucleotide_variant	['Alcoholism', '_susceptibility_to']
279845	16219	chr4	46327706	T	A	risk_factor	single_nucleotide_variant	['Alcoholism', '_susceptibility_to']
279871	16218	chr4	46303716	T	C	risk_factor	single_nucleotide_variant	['Alcoholism', '_susceptibility_to']
28493229	4277	chr19	40718299	G	C	risk_factor	single_nucleotide_variant	['Kawasaki_disease', '_susceptibility_to']
2975760	5096	chr2	240591746	T	C	risk_factor	single_nucleotide_variant	['Polycystic_ovary_syndrome', '_susceptibility_to|Diabetes_mellitus_type_2']
3127334	8181	chr6	166160758	G	A	risk_factor	single_nucleotide_variant	['Neural_tube_defects', '_susceptibility_to']
324981	2192	chr7	34778501	A	T	risk_factor	single_nucleotide_variant	['Asthma-related_traits', '_susceptibility_to', '_2']
3737787	12294	chr1	161039733	G	A	risk_factor	single_nucleotide_variant	['Hyperlipidemia', '_familial_combined', '_susceptibility_to']
3766379	4895	chr1	160837925	T	C	risk_factor	single_nucleotide_variant	Rheumatoid_arthritis
3793784	1709	chr10	49539493	G	C	risk_factor	single_nucleotide_variant	['LUNG_CANCER', '_SUSCEPTIBILITY_TO|Age-related_macular_degeneration_5']
3825942	14361	chr15	73927241	G	A	risk_factor	single_nucleotide_variant	['Exfoliation_syndrome', '_susceptibility_to']
414171	7091	chr3	50612068	A	T	['Affects', '_risk_factor']	single_nucleotide_variant	['Tuberculosis', '_susceptibility_to|Susceptibility_to_malaria|Bacteremia', '_susceptibility_to', '_2']
429358	17864	chr19	44908684	T	C	['other', '_risk_factor']	single_nucleotide_variant	['Primary_degenerative_dementia_of_the_Alzheimer_type', '_presenile_onset|Warfarin_response|Alzheimer_disease_2|not_provided']
4833095	8361	chr4	38798089	T	C	risk_factor	single_nucleotide_variant	Leprosy_5
486907	13006	chr1	182585422	C	T	risk_factor	single_nucleotide_variant	['Prostate_cancer', '_susceptibility_to']
4950928	8112	chr1	203186754	G	C	risk_factor	single_nucleotide_variant	['Asthma-related_traits', '_susceptibility_to', '_7']
5030952	5095	chr2	240603286	C	T	risk_factor	single_nucleotide_variant	Diabetes_mellitus_type_2
6504649	2533	chr17	50360095	C	G	risk_factor	single_nucleotide_variant	['Pseudoxanthoma_elasticum', '_modifier_of_severity_of']
659366	7865	chr11	73983709	C	T	risk_factor	single_nucleotide_variant	Body_mass_index_quantitative_trait_locus_4
662	13735	chr7	95308134	T	C	['association', '_risk_factor']	single_nucleotide_variant	['Enzyme_activity_finding|Coronary_artery_disease', '_susceptibility_to|Coronary_artery_spasm_2', '_susceptibility_to']
669	18171	chr12	9079672	T	C	['Benign', '_risk_factor']	single_nucleotide_variant	['ALPHA-2-MACROGLOBULIN_POLYMORPHISM|Alzheimer_disease', '_susceptibility_to']
7794745	5492	chr7	146792514	A	T	risk_factor	single_nucleotide_variant	Autism_15
78778622	1352	chr11	124660768	T	C	risk_factor	single_nucleotide_variant	Autoimmune_disease_6
854560	13736	chr7	95316772	A	T	['association', '_risk_factor']	single_nucleotide_variant	['Enzyme_activity_finding|Coronary_artery_disease', '_susceptibility_to|Microvascular_complications_of_diabetes_5']
861539	8944	chr14	103699416	G	A	risk_factor	single_nucleotide_variant	Cutaneous_malignant_melanoma_6
9344	13755	chr11	69648142	G	A	risk_factor	single_nucleotide_variant	['VON_HIPPEL-LINDAU_SYNDROME', '_MODIFIER_OF|Colorectal_cancer', '_susceptibility_to|Multiple_myeloma', '_translocation_11', '14_type']
9406328	12713	chr6	169234915	G	A	risk_factor	single_nucleotide_variant	['Lumbar_disc_herniation', '_susceptibility_to']
